MACAddress:String(64):Required,description:String(1024),"enabled:Boolean(true,false):Required",HostIdentityGroup:String(256)
04-D6-AA-5D-5E-E6,Note 8 - 12/31/2018,true,All Groups:Wireless TEST:FSU1.DTS-CL_Lyf Post MVP_2018
04-D6-AA-5E-64-87,Samsung galaxy S8 - 12/31/2018,true,All Groups:Wireless TEST:FSU1.DTS-CL_Lyf Post MVP_2018
04-D6-AA-C1-08-92,Note 8 - 12/31/2018,true,All Groups:Wireless TEST:FSU1.DTS-CL_Lyf Post MVP_2018
18-31-BF-DC-C2-C6,asus zenfone 5,true,All Groups:Wireless TEST:FSU1.DTS-CL_Lyf Post MVP_2018
20-EE-28-B3-AA-A7,EXP: 12/31/2019,true,All Groups:Wireless TEST:FSU1.DTS-CL_Lyf Post MVP_2018
24-18-1D-99-B8-30,Samsung galaxy S8 - 12/31/2018,true,All Groups:Wireless TEST:FSU1.DTS-CL_Lyf Post MVP_2018
34-7C-25-09-AB-6C,Ipad mini - 12/31/2018,true,All Groups:Wireless TEST:FSU1.DTS-CL_Lyf Post MVP_2018
34-7C-25-09-C0-3C,Ipad mini,true,All Groups:Wireless TEST:FSU1.DTS-CL_Lyf Post MVP_2018
38-A4-ED-D6-BB-32,Redmi 03/31/2020,true,All Groups:Wireless TEST:FSU1.DTS-CL_Lyf Post MVP_2018
38-E6-0A-74-B5-4F,Xiaomi Redmi Note 4X - 12/31/2019,true,All Groups:Wireless TEST:FSU1.DTS-CL_Lyf Post MVP_2018
38-F9-D3-25-40-D4,EXP: 12/31/2019,true,All Groups:Wireless TEST:FSU1.DTS-CL_Lyf Post MVP_2018
3C-F5-91-5C-29-03,Expire 06/30/2018 CMECCACLLWEMO,true,All Groups:Wireless TEST:FSU1.DTS-CL_Lyf Post MVP_2018
40-4E-36-1C-A5-40,HTC U11,true,All Groups:Wireless TEST:FSU1.DTS-CL_Lyf Post MVP_2018
48-89-E7-DC-C7-33,EXP: 10/31/2019-Dell Latitude 3490,true,All Groups:Wireless TEST:FSU1.DTS-CL_Lyf Post MVP_2018
4C-1A-3D-74-0B-00,Android,true,All Groups:Wireless TEST:FSU1.DTS-CL_Lyf Post MVP_2018
4C-49-E3-FA-35-D7,EXP: 30/04/2019 - Mi 6,true,All Groups:Wireless TEST:FSU1.DTS-CL_Lyf Post MVP_2018
50-7A-55-0C-64-9B,iPhone 6 - 12/31/2018,true,All Groups:Wireless TEST:FSU1.DTS-CL_Lyf Post MVP_2018
58-B1-0F-56-2E-24,EXP: 12/31/2019,true,All Groups:Wireless TEST:FSU1.DTS-CL_Lyf Post MVP_2018
60-30-D4-D8-CD-32,EXP: 12/31/2019,true,All Groups:Wireless TEST:FSU1.DTS-CL_Lyf Post MVP_2018
74-23-44-EA-6D-FE,EXP: 12/31/2019,true,All Groups:Wireless TEST:FSU1.DTS-CL_Lyf Post MVP_2018
78-67-D7-44-F7-A1,Iphone 7 - 12/31/2018,true,All Groups:Wireless TEST:FSU1.DTS-CL_Lyf Post MVP_2018
78-67-D7-A7-32-4B,Ipad 2017 - 12/31/2018,true,All Groups:Wireless TEST:FSU1.DTS-CL_Lyf Post MVP_2018
7C-C5-37-0B-3D-C9,EXP: 12/31/2019,true,All Groups:Wireless TEST:FSU1.DTS-CL_Lyf Post MVP_2018
8C-85-90-CD-67-23,EXP: 06/30/2019,true,All Groups:Wireless TEST:FSU1.DTS-CL_Lyf Post MVP_2018
94-76-B7-EF-C2-8F,MOBI-001519,true,All Groups:Wireless TEST:FSU1.DTS-CL_Lyf Post MVP_2018
94-76-B7-F6-21-BF,Samsung S7,true,All Groups:Wireless TEST:FSU1.DTS-CL_Lyf Post MVP_2018
A0-99-9B-60-A1-93,EXP: 12/31/2019 BienHV,true,All Groups:Wireless TEST:FSU1.DTS-CL_Lyf Post MVP_2018
A0-C9-A0-8C-0E-1B,samsung galaxy 8,true,All Groups:Wireless TEST:FSU1.DTS-CL_Lyf Post MVP_2018
A4-B8-05-C5-2B-D2,,true,All Groups:Wireless TEST:FSU1.DTS-CL_Lyf Post MVP_2018
A4-E9-75-77-1B-BF,IPAD-000331,true,All Groups:Wireless TEST:FSU1.DTS-CL_Lyf Post MVP_2018
B0-48-1A-79-80-32,MOBI-001520,true,All Groups:Wireless TEST:FSU1.DTS-CL_Lyf Post MVP_2018
B4-CB-57-3D-3C-03,EXP: 12/31/2019 MayNT OPPO F9,true,All Groups:Wireless TEST:FSU1.DTS-CL_Lyf Post MVP_2018
C0-CC-F8-1B-AA-38,,true,All Groups:Wireless TEST:FSU1.DTS-CL_Lyf Post MVP_2018
C4-B3-01-16-B3-2F,EXP: 30/04/2019 - IPHONE 5s ,true,All Groups:Wireless TEST:FSU1.DTS-CL_Lyf Post MVP_2018
D0-D7-83-D9-46-ED,EXP: 10/31/2019,true,All Groups:Wireless TEST:FSU1.DTS-CL_Lyf Post MVP_2018
D4-DC-CD-C2-A0-9A,Iphone 7,true,All Groups:Wireless TEST:FSU1.DTS-CL_Lyf Post MVP_2018
D8-BB-2C-48-9D-10,iphone 6,true,All Groups:Wireless TEST:FSU1.DTS-CL_Lyf Post MVP_2018
E0-AA-96-FA-74-10,MOBI-001526 - 12/31/2018,true,All Groups:Wireless TEST:FSU1.DTS-CL_Lyf Post MVP_2018
EC-51-BC-58-07-C3,oppo F5,true,All Groups:Wireless TEST:FSU1.DTS-CL_Lyf Post MVP_2018
F0-76-6F-5C-E6-18,Ipad 2017 - 12/31/2018,true,All Groups:Wireless TEST:FSU1.DTS-CL_Lyf Post MVP_2018
F0-79-E8-60-FE-57,EXP: 10/31/2019,true,All Groups:Wireless TEST:FSU1.DTS-CL_Lyf Post MVP_2018
F0-98-9D-97-4D-C2,Iphone X - 12/31/2018,true,All Groups:Wireless TEST:FSU1.DTS-CL_Lyf Post MVP_2018
F8-E9-4E-88-EC-C7,EXP: 12/31/2019,true,All Groups:Wireless TEST:FSU1.DTS-CL_Lyf Post MVP_2018
